timestamp_iso,event,actor,taker_id,order_id,side,order_type,price,qty,filled_qty,status,note
2025-10-30T23:33:48.099070+05:30,submit,You,1,,Buy,LIMIT,1000,10,0,submitted,
2025-10-30T23:33:48.100108+05:30,result,You,1,,Buy,LIMIT,1000,10,0,open,
2025-10-30T23:34:07.116453+05:30,submit,You,2,,Buy,LIMIT,1000,10,0,submitted,
2025-10-30T23:34:07.117020+05:30,result,You,2,,Buy,LIMIT,1000,10,0,open,
2025-10-30T23:34:10.884172+05:30,submit,You,3,,Sell,LIMIT,1000,10,0,submitted,
2025-10-30T23:34:10.885658+05:30,result,You,3,,Sell,LIMIT,1000,10,10,filled,
2025-10-30T23:34:10.885864+05:30,trade,You,3,1,Sell,LIMIT,1000,10,10,executed,Buyer
2025-10-30T23:34:11.292268+05:30,submit,You,4,,Sell,LIMIT,1000,10,0,submitted,
2025-10-30T23:34:11.293384+05:30,result,You,4,,Sell,LIMIT,1000,10,10,filled,
2025-10-30T23:34:11.293530+05:30,trade,You,4,2,Sell,LIMIT,1000,10,10,executed,Buyer
2025-10-30T23:34:46.262420+05:30,submit,You,1,,Sell,LIMIT,1000,10,0,submitted,
2025-10-30T23:34:46.263065+05:30,result,You,1,,Sell,LIMIT,1000,10,0,open,
2025-10-30T23:34:53.567908+05:30,submit,You,2,,Buy,MARKET,1000,10,0,submitted,
2025-10-30T23:34:53.568518+05:30,result,You,2,,Buy,MARKET,1000,10,10,filled,
2025-10-30T23:34:53.568849+05:30,trade,You,2,1,Buy,MARKET,1000,10,10,executed,Seller
2025-10-30T23:40:30.607863+05:30,submit,You,1,,Sell,LIMIT,1000,10,0,submitted,
2025-10-30T23:40:30.609203+05:30,result,You,1,,Sell,LIMIT,1000,10,0,open,
2025-10-30T23:40:35.289879+05:30,submit,You,2,,Buy,LIMIT,1000,10,0,submitted,
2025-10-30T23:40:35.291761+05:30,result,You,2,,Buy,LIMIT,1000,10,10,filled,
2025-10-30T23:40:35.292217+05:30,trade,You,2,1,Buy,LIMIT,1000,10,10,executed,Seller
2025-10-30T23:41:38.345206+05:30,submit,You,3,,Buy,LIMIT,1000,10,0,submitted,
2025-10-30T23:41:38.345671+05:30,result,You,3,,Buy,LIMIT,1000,10,0,open,
2025-10-30T23:41:40.451063+05:30,submit,You,4,,Buy,LIMIT,1000,10,0,submitted,
2025-10-30T23:41:40.452044+05:30,result,You,4,,Buy,LIMIT,1000,10,0,open,
2025-10-30T23:41:57.429734+05:30,submit,You,5,,Sell,MARKET,1000,15,0,submitted,
2025-10-30T23:41:57.431894+05:30,result,You,5,,Sell,MARKET,1000,15,15,filled,
2025-10-30T23:41:57.432346+05:30,trade,You,5,2,Sell,MARKET,1000,10,10,executed,Buyer
2025-10-30T23:41:57.432716+05:30,trade,You,5,3,Sell,MARKET,1000,5,5,executed,Buyer
2025-10-30T23:42:38.238731+05:30,submit,You,6,,Sell,MARKET,1000,15,0,submitted,
2025-10-30T23:42:38.240129+05:30,result,You,6,,Sell,MARKET,1000,15,5,partial,
2025-10-30T23:42:38.240567+05:30,trade,You,6,3,Sell,MARKET,1000,5,5,executed,Buyer
2025-10-30T23:42:47.845879+05:30,submit,You,7,,Sell,LIMIT,1000,15,0,submitted,
2025-10-30T23:42:47.846779+05:30,result,You,7,,Sell,LIMIT,1000,15,0,open,
2025-10-30T23:43:00.074264+05:30,submit,You,8,,Sell,LIMIT,1000,10,0,submitted,
2025-10-30T23:43:00.075136+05:30,result,You,8,,Sell,LIMIT,1000,10,0,open,
2025-10-30T23:43:14.293336+05:30,submit,You,9,,Buy,MARKET,1000,20,0,submitted,
2025-10-30T23:43:14.294733+05:30,result,You,9,,Buy,MARKET,1000,20,20,filled,
2025-10-30T23:43:14.295105+05:30,trade,You,9,4,Buy,MARKET,1000,15,15,executed,Seller
2025-10-30T23:43:14.295440+05:30,trade,You,9,5,Buy,MARKET,1000,5,5,executed,Seller
2025-10-30T23:44:15.222287+05:30,submit,You,1,,Buy,LIMIT,1000,10,0,submitted,
2025-10-30T23:44:15.224028+05:30,result,You,1,,Buy,LIMIT,1000,10,0,open,
2025-10-30T23:44:22.380784+05:30,submit,You,2,,Sell,MARKET,1000,10,0,submitted,
2025-10-30T23:44:22.382178+05:30,result,You,2,,Sell,MARKET,1000,10,10,filled,
2025-10-30T23:44:22.382549+05:30,trade,You,2,1,Sell,MARKET,1000,10,10,executed,Buyer
2025-10-30T23:44:39.442356+05:30,submit,You,1,,Buy,LIMIT,1000,10,0,submitted,
2025-10-30T23:44:39.444407+05:30,result,You,1,,Buy,LIMIT,1000,10,0,open,
2025-10-30T23:44:45.656434+05:30,submit,You,2,,Buy,LIMIT,1000,11,0,submitted,
2025-10-30T23:44:45.657312+05:30,result,You,2,,Buy,LIMIT,1000,11,0,open,
2025-10-30T23:44:56.142649+05:30,submit,You,3,,Sell,MARKET,1000,11,0,submitted,
2025-10-30T23:44:56.143974+05:30,result,You,3,,Sell,MARKET,1000,11,11,filled,
2025-10-30T23:44:56.144296+05:30,trade,You,3,1,Sell,MARKET,1000,10,10,executed,Buyer
2025-10-30T23:44:56.144793+05:30,trade,You,3,2,Sell,MARKET,1000,1,1,executed,Buyer
2025-10-30T23:45:49.391227+05:30,submit,You,4,,Sell,MARKET,1000,11,0,submitted,
2025-10-30T23:45:49.392754+05:30,result,You,4,,Sell,MARKET,1000,11,10,partial,
2025-10-30T23:45:49.393167+05:30,trade,You,4,2,Sell,MARKET,1000,10,10,executed,Buyer
2025-10-30T23:47:58.661075+05:30,submit,You,1,,Buy,LIMIT,1000,10,0,submitted,
2025-10-30T23:47:58.663320+05:30,result,You,1,,Buy,LIMIT,1000,10,0,open,
2025-10-30T23:48:02.088617+05:30,submit,You,2,,Buy,LIMIT,1000,11,0,submitted,
2025-10-30T23:48:02.088963+05:30,result,You,2,,Buy,LIMIT,1000,11,0,open,
2025-10-30T23:48:08.952294+05:30,submit,You,3,,Sell,MARKET,1000,11,0,submitted,
2025-10-30T23:48:08.953736+05:30,result,You,3,,Sell,MARKET,1000,11,11,filled,
2025-10-30T23:48:08.954192+05:30,trade,You,3,1,Sell,MARKET,1000,10,10,executed,Buyer
2025-10-30T23:48:08.954593+05:30,trade,You,3,2,Sell,MARKET,1000,1,1,executed,Buyer
2025-10-30T23:49:36.830272+05:30,submit,You,1,,Buy,LIMIT,1000,10,0,submitted,
2025-10-30T23:49:36.831657+05:30,result,You,1,,Buy,LIMIT,1000,10,0,open,
2025-10-30T23:49:41.575185+05:30,submit,You,2,,Sell,LIMIT,1000,10,0,submitted,
2025-10-30T23:49:41.576555+05:30,result,You,2,,Sell,LIMIT,1000,10,10,filled,
2025-10-30T23:49:41.577001+05:30,trade,You,2,1,Sell,LIMIT,1000,10,10,executed,Buyer
2025-10-30T23:49:49.374122+05:30,submit,You,3,,Buy,LIMIT,1000,10,0,submitted,
2025-10-30T23:49:49.374992+05:30,result,You,3,,Buy,LIMIT,1000,10,0,open,
2025-10-30T23:49:50.971529+05:30,submit,You,4,,Buy,LIMIT,1000,11,0,submitted,
2025-10-30T23:49:50.972471+05:30,result,You,4,,Buy,LIMIT,1000,11,0,open,
2025-10-30T23:49:54.228297+05:30,submit,You,5,,Sell,MARKET,1000,11,0,submitted,
2025-10-30T23:49:54.229281+05:30,result,You,5,,Sell,MARKET,1000,11,11,filled,
2025-10-30T23:49:54.229430+05:30,trade,You,5,2,Sell,MARKET,1000,10,10,executed,Buyer
2025-10-30T23:49:54.229548+05:30,trade,You,5,3,Sell,MARKET,1000,1,1,executed,Buyer
2025-10-30T23:50:03.260118+05:30,submit,You,6,,Sell,LIMIT,1000,11,0,submitted,
2025-10-30T23:50:03.261186+05:30,result,You,6,,Sell,LIMIT,1000,11,10,partial,
2025-10-30T23:50:03.261403+05:30,trade,You,6,3,Sell,LIMIT,1000,10,10,executed,Buyer
2025-10-30T23:50:05.125411+05:30,submit,You,7,,Sell,LIMIT,1000,11,0,submitted,
2025-10-30T23:50:05.126337+05:30,result,You,7,,Sell,LIMIT,1000,11,0,open,
2025-10-30T23:50:05.601124+05:30,submit,You,8,,Sell,LIMIT,1000,11,0,submitted,
2025-10-30T23:50:05.602020+05:30,result,You,8,,Sell,LIMIT,1000,11,0,open,
2025-10-30T23:50:14.872011+05:30,submit,You,9,,Buy,MARKET,1000,12,0,submitted,
2025-10-30T23:50:14.873451+05:30,result,You,9,,Buy,MARKET,1000,12,12,filled,
2025-10-30T23:50:14.873856+05:30,trade,You,9,4,Buy,MARKET,1000,1,1,executed,Seller
2025-10-30T23:50:14.874220+05:30,trade,You,9,5,Buy,MARKET,1000,11,11,executed,Seller
2025-10-30T23:50:18.028997+05:30,submit,You,10,,Buy,MARKET,1000,12,0,submitted,
2025-10-30T23:50:18.030376+05:30,result,You,10,,Buy,MARKET,1000,12,11,partial,
2025-10-30T23:50:18.030788+05:30,trade,You,10,6,Buy,MARKET,1000,11,11,executed,Seller
2025-10-30T23:52:42.061051+05:30,submit,You,1,,Buy,LIMIT,1000,10,0,submitted,
2025-10-30T23:52:42.062794+05:30,result,You,1,,Buy,LIMIT,1000,10,0,open,
2025-10-30T23:52:43.918036+05:30,submit,You,2,,Sell,LIMIT,1000,10,0,submitted,
2025-10-30T23:52:43.918611+05:30,result,You,2,,Sell,LIMIT,1000,10,10,filled,
2025-10-30T23:52:43.918699+05:30,trade,You,2,1,Sell,LIMIT,1000,10,10,executed,Buyer
2025-10-30T23:52:45.416324+05:30,submit,You,3,,Sell,LIMIT,1000,10,0,submitted,
2025-10-30T23:52:45.417447+05:30,result,You,3,,Sell,LIMIT,1000,10,0,open,
2025-10-30T23:52:45.993864+05:30,submit,You,4,,Sell,LIMIT,1000,10,0,submitted,
2025-10-30T23:52:45.994217+05:30,result,You,4,,Sell,LIMIT,1000,10,0,open,
2025-10-30T23:52:46.468231+05:30,submit,You,5,,Sell,LIMIT,1000,10,0,submitted,
2025-10-30T23:52:46.468699+05:30,result,You,5,,Sell,LIMIT,1000,10,0,open,
2025-10-30T23:52:54.857341+05:30,submit,You,6,,Sell,LIMIT,997,10,0,submitted,
2025-10-30T23:52:54.858377+05:30,result,You,6,,Sell,LIMIT,997,10,0,open,
2025-10-30T23:52:55.364044+05:30,submit,You,7,,Sell,LIMIT,997,10,0,submitted,
2025-10-30T23:52:55.365016+05:30,result,You,7,,Sell,LIMIT,997,10,0,open,
2025-10-30T23:52:58.048697+05:30,submit,You,8,,Sell,LIMIT,995,10,0,submitted,
2025-10-30T23:52:58.049506+05:30,result,You,8,,Sell,LIMIT,995,10,0,open,
2025-10-30T23:52:58.183806+05:30,submit,You,9,,Sell,LIMIT,995,10,0,submitted,
2025-10-30T23:52:58.184515+05:30,result,You,9,,Sell,LIMIT,995,10,0,open,
2025-10-30T23:52:58.862594+05:30,submit,You,10,,Sell,LIMIT,995,10,0,submitted,
2025-10-30T23:52:58.863010+05:30,result,You,10,,Sell,LIMIT,995,10,0,open,
2025-10-30T23:52:59.000172+05:30,submit,You,11,,Sell,LIMIT,995,10,0,submitted,
2025-10-30T23:52:59.001126+05:30,result,You,11,,Sell,LIMIT,995,10,0,open,
2025-10-30T23:52:59.166728+05:30,submit,You,12,,Sell,LIMIT,995,10,0,submitted,
2025-10-30T23:52:59.166958+05:30,result,You,12,,Sell,LIMIT,995,10,0,open,
2025-10-30T23:53:07.172908+05:30,submit,You,13,,Buy,MARKET,995,10,0,submitted,
2025-10-30T23:53:07.174725+05:30,result,You,13,,Buy,MARKET,995,10,10,filled,
2025-10-30T23:53:07.175174+05:30,trade,You,13,7,Buy,MARKET,995,10,10,executed,Seller
2025-10-30T23:53:07.748908+05:30,submit,You,14,,Buy,MARKET,995,10,0,submitted,
2025-10-30T23:53:07.749589+05:30,result,You,14,,Buy,MARKET,995,10,10,filled,
2025-10-30T23:53:07.749998+05:30,trade,You,14,8,Buy,MARKET,995,10,10,executed,Seller
2025-10-30T23:53:08.837183+05:30,submit,You,15,,Buy,MARKET,995,10,0,submitted,
2025-10-30T23:53:08.838450+05:30,result,You,15,,Buy,MARKET,995,10,10,filled,
2025-10-30T23:53:08.838852+05:30,trade,You,15,9,Buy,MARKET,995,10,10,executed,Seller
2025-10-30T23:55:40.133953+05:30,submit,You,1,,Buy,LIMIT,1000,10,0,submitted,
2025-10-30T23:55:40.134498+05:30,result,You,1,,Buy,LIMIT,1000,10,0,open,
2025-10-30T23:55:40.476700+05:30,submit,You,2,,Buy,LIMIT,1000,10,0,submitted,
2025-10-30T23:55:40.477545+05:30,result,You,2,,Buy,LIMIT,1000,10,0,open,
2025-10-30T23:55:42.684051+05:30,submit,You,3,,Buy,LIMIT,999,10,0,submitted,
2025-10-30T23:55:42.684596+05:30,result,You,3,,Buy,LIMIT,999,10,0,open,
2025-10-30T23:55:43.160193+05:30,submit,You,4,,Buy,LIMIT,999,10,0,submitted,
2025-10-30T23:55:43.161007+05:30,result,You,4,,Buy,LIMIT,999,10,0,open,
2025-10-30T23:55:44.518223+05:30,submit,You,5,,Buy,LIMIT,998,10,0,submitted,
2025-10-30T23:55:44.519145+05:30,result,You,5,,Buy,LIMIT,998,10,0,open,
2025-10-30T23:55:44.650420+05:30,submit,You,6,,Buy,LIMIT,998,10,0,submitted,
2025-10-30T23:55:44.650905+05:30,result,You,6,,Buy,LIMIT,998,10,0,open,
2025-10-30T23:55:46.454731+05:30,submit,You,7,,Buy,LIMIT,994,10,0,submitted,
2025-10-30T23:55:46.455489+05:30,result,You,7,,Buy,LIMIT,994,10,0,open,
2025-10-30T23:55:46.590373+05:30,submit,You,8,,Buy,LIMIT,994,10,0,submitted,
2025-10-30T23:55:46.591123+05:30,result,You,8,,Buy,LIMIT,994,10,0,open,
2025-10-30T23:55:46.690610+05:30,submit,You,9,,Buy,LIMIT,994,10,0,submitted,
2025-10-30T23:55:46.690955+05:30,result,You,9,,Buy,LIMIT,994,10,0,open,
2025-10-30T23:55:46.826605+05:30,submit,You,10,,Buy,LIMIT,994,10,0,submitted,
2025-10-30T23:55:46.827045+05:30,result,You,10,,Buy,LIMIT,994,10,0,open,
2025-10-30T23:55:46.930798+05:30,submit,You,11,,Buy,LIMIT,994,10,0,submitted,
2025-10-30T23:55:46.931666+05:30,result,You,11,,Buy,LIMIT,994,10,0,open,
2025-10-30T23:55:47.268651+05:30,submit,You,12,,Buy,LIMIT,994,10,0,submitted,
2025-10-30T23:55:47.269172+05:30,result,You,12,,Buy,LIMIT,994,10,0,open,
2025-10-30T23:55:47.438858+05:30,submit,You,13,,Buy,LIMIT,994,10,0,submitted,
2025-10-30T23:55:47.439404+05:30,result,You,13,,Buy,LIMIT,994,10,0,open,
2025-10-30T23:55:49.511661+05:30,submit,You,14,,Buy,LIMIT,990,10,0,submitted,
2025-10-30T23:55:49.512580+05:30,result,You,14,,Buy,LIMIT,990,10,0,open,
2025-10-30T23:55:49.748810+05:30,submit,You,15,,Buy,LIMIT,990,10,0,submitted,
2025-10-30T23:55:49.749656+05:30,result,You,15,,Buy,LIMIT,990,10,0,open,
2025-10-30T23:55:50.188475+05:30,submit,You,16,,Buy,LIMIT,990,10,0,submitted,
2025-10-30T23:55:50.189095+05:30,result,You,16,,Buy,LIMIT,990,10,0,open,
2025-10-30T23:55:50.361652+05:30,submit,You,17,,Buy,LIMIT,990,10,0,submitted,
2025-10-30T23:55:50.362514+05:30,result,You,17,,Buy,LIMIT,990,10,0,open,
2025-10-30T23:55:50.700116+05:30,submit,You,18,,Buy,LIMIT,990,10,0,submitted,
2025-10-30T23:55:50.700983+05:30,result,You,18,,Buy,LIMIT,990,10,0,open,
2025-10-30T23:55:50.903603+05:30,submit,You,19,,Buy,LIMIT,990,10,0,submitted,
2025-10-30T23:55:50.904458+05:30,result,You,19,,Buy,LIMIT,990,10,0,open,
2025-10-30T23:55:58.304820+05:30,submit,You,20,,Sell,LIMIT,1006,10,0,submitted,
2025-10-30T23:55:58.305765+05:30,result,You,20,,Sell,LIMIT,1006,10,0,open,
2025-10-30T23:55:58.777121+05:30,submit,You,21,,Sell,LIMIT,1006,10,0,submitted,
2025-10-30T23:55:58.777704+05:30,result,You,21,,Sell,LIMIT,1006,10,0,open,
2025-10-30T23:56:00.343166+05:30,submit,You,22,,Sell,LIMIT,1008,10,0,submitted,
2025-10-30T23:56:00.344034+05:30,result,You,22,,Sell,LIMIT,1008,10,0,open,
2025-10-30T23:56:02.245111+05:30,submit,You,23,,Sell,LIMIT,1009,10,0,submitted,
2025-10-30T23:56:02.246073+05:30,result,You,23,,Sell,LIMIT,1009,10,0,open,
2025-10-30T23:56:02.380627+05:30,submit,You,24,,Sell,LIMIT,1009,10,0,submitted,
2025-10-30T23:56:02.381504+05:30,result,You,24,,Sell,LIMIT,1009,10,0,open,
2025-10-30T23:56:02.516717+05:30,submit,You,25,,Sell,LIMIT,1009,10,0,submitted,
2025-10-30T23:56:02.517590+05:30,result,You,25,,Sell,LIMIT,1009,10,0,open,
2025-10-30T23:56:02.753858+05:30,submit,You,26,,Sell,LIMIT,1009,10,0,submitted,
2025-10-30T23:56:02.754658+05:30,result,You,26,,Sell,LIMIT,1009,10,0,open,
2025-10-30T23:56:02.956910+05:30,submit,You,27,,Sell,LIMIT,1009,10,0,submitted,
2025-10-30T23:56:02.957795+05:30,result,You,27,,Sell,LIMIT,1009,10,0,open,
2025-10-30T23:57:36.015950+05:30,submit,You,28,,Buy,MARKET,1009,10,0,submitted,
2025-10-30T23:57:36.018098+05:30,result,You,28,,Buy,MARKET,1009,10,10,filled,
2025-10-30T23:57:36.018873+05:30,trade,You,28,20,Buy,MARKET,1006,10,10,executed,Seller
2025-10-30T23:57:38.834664+05:30,submit,You,29,,Buy,MARKET,1009,10,0,submitted,
2025-10-30T23:57:38.835944+05:30,result,You,29,,Buy,MARKET,1009,10,10,filled,
2025-10-30T23:57:38.836286+05:30,trade,You,29,21,Buy,MARKET,1006,10,10,executed,Seller
2025-10-30T23:59:53.639053+05:30,submit,You,1,,Buy,LIMIT,1000,10,0,submitted,
2025-10-30T23:59:53.641063+05:30,result,You,1,,Buy,LIMIT,1000,10,0,open,
2025-10-30T23:59:53.874712+05:30,submit,You,2,,Buy,LIMIT,1000,10,0,submitted,
2025-10-30T23:59:53.875648+05:30,result,You,2,,Buy,LIMIT,1000,10,0,open,
2025-10-30T23:59:53.976004+05:30,submit,You,3,,Buy,LIMIT,1000,10,0,submitted,
2025-10-30T23:59:53.976876+05:30,result,You,3,,Buy,LIMIT,1000,10,0,open,
2025-10-30T23:59:54.111797+05:30,submit,You,4,,Buy,LIMIT,1000,10,0,submitted,
2025-10-30T23:59:54.112606+05:30,result,You,4,,Buy,LIMIT,1000,10,0,open,
2025-10-30T23:59:54.214947+05:30,submit,You,5,,Buy,LIMIT,1000,10,0,submitted,
2025-10-30T23:59:54.215830+05:30,result,You,5,,Buy,LIMIT,1000,10,0,open,
2025-10-30T23:59:56.151650+05:30,submit,You,6,,Sell,MARKET,1000,10,0,submitted,
2025-10-30T23:59:56.153071+05:30,result,You,6,,Sell,MARKET,1000,10,10,filled,
2025-10-30T23:59:56.153558+05:30,trade,You,6,1,Sell,MARKET,1000,10,10,executed,Buyer
2025-10-30T23:59:56.388517+05:30,submit,You,7,,Sell,MARKET,1000,10,0,submitted,
2025-10-30T23:59:56.389416+05:30,result,You,7,,Sell,MARKET,1000,10,10,filled,
2025-10-30T23:59:56.389807+05:30,trade,You,7,2,Sell,MARKET,1000,10,10,executed,Buyer
2025-10-30T23:59:56.523510+05:30,submit,You,8,,Sell,MARKET,1000,10,0,submitted,
2025-10-30T23:59:56.524163+05:30,result,You,8,,Sell,MARKET,1000,10,10,filled,
2025-10-30T23:59:56.524511+05:30,trade,You,8,3,Sell,MARKET,1000,10,10,executed,Buyer
2025-10-30T23:59:56.627551+05:30,submit,You,9,,Sell,MARKET,1000,10,0,submitted,
2025-10-30T23:59:56.628434+05:30,result,You,9,,Sell,MARKET,1000,10,10,filled,
2025-10-30T23:59:56.628779+05:30,trade,You,9,4,Sell,MARKET,1000,10,10,executed,Buyer
2025-10-30T23:59:56.762446+05:30,submit,You,10,,Sell,MARKET,1000,10,0,submitted,
2025-10-30T23:59:56.763177+05:30,result,You,10,,Sell,MARKET,1000,10,10,filled,
2025-10-30T23:59:56.763523+05:30,trade,You,10,5,Sell,MARKET,1000,10,10,executed,Buyer
2025-10-30T23:59:56.864969+05:30,submit,You,11,,Sell,MARKET,1000,10,0,submitted,
2025-10-30T23:59:56.865578+05:30,result,You,11,,Sell,MARKET,1000,10,0,open,
2025-10-30T23:59:56.998107+05:30,submit,You,12,,Sell,MARKET,1000,10,0,submitted,
2025-10-30T23:59:56.998306+05:30,result,You,12,,Sell,MARKET,1000,10,0,open,
2025-10-30T23:59:57.099956+05:30,submit,You,13,,Sell,MARKET,1000,10,0,submitted,
2025-10-30T23:59:57.100141+05:30,result,You,13,,Sell,MARKET,1000,10,0,open,
2025-10-30T23:59:57.236974+05:30,submit,You,14,,Sell,MARKET,1000,10,0,submitted,
2025-10-30T23:59:57.237319+05:30,result,You,14,,Sell,MARKET,1000,10,0,open,
2025-10-30T23:59:58.972301+05:30,submit,You,15,,Buy,MARKET,1000,10,0,submitted,
2025-10-30T23:59:58.973032+05:30,result,You,15,,Buy,MARKET,1000,10,0,open,
2025-10-30T23:59:59.140507+05:30,submit,You,16,,Buy,MARKET,1000,10,0,submitted,
2025-10-30T23:59:59.141219+05:30,result,You,16,,Buy,MARKET,1000,10,0,open,
2025-10-30T23:59:59.242822+05:30,submit,You,17,,Buy,MARKET,1000,10,0,submitted,
2025-10-30T23:59:59.243448+05:30,result,You,17,,Buy,MARKET,1000,10,0,open,
2025-10-30T23:59:59.378127+05:30,submit,You,18,,Buy,MARKET,1000,10,0,submitted,
2025-10-30T23:59:59.378390+05:30,result,You,18,,Buy,MARKET,1000,10,0,open,
2025-10-30T23:59:59.482203+05:30,submit,You,19,,Buy,MARKET,1000,10,0,submitted,
2025-10-30T23:59:59.482844+05:30,result,You,19,,Buy,MARKET,1000,10,0,open,
2025-10-30T23:59:59.583335+05:30,submit,You,20,,Buy,MARKET,1000,10,0,submitted,
2025-10-30T23:59:59.584023+05:30,result,You,20,,Buy,MARKET,1000,10,0,open,
2025-10-30T23:59:59.718044+05:30,submit,You,21,,Buy,MARKET,1000,10,0,submitted,
2025-10-30T23:59:59.718471+05:30,result,You,21,,Buy,MARKET,1000,10,0,open,
2025-10-31T00:00:04.641876+05:30,submit,You,22,,Sell,MARKET,1000,10,0,submitted,
2025-10-31T00:00:04.642779+05:30,result,You,22,,Sell,MARKET,1000,10,0,open,
2025-10-31T00:00:05.834411+05:30,submit,You,23,,Sell,LIMIT,1000,10,0,submitted,
2025-10-31T00:00:05.835199+05:30,result,You,23,,Sell,LIMIT,1000,10,0,open,
2025-10-31T00:00:05.965457+05:30,submit,You,24,,Sell,LIMIT,1000,10,0,submitted,
2025-10-31T00:00:05.965791+05:30,result,You,24,,Sell,LIMIT,1000,10,0,open,
2025-10-31T00:00:06.067469+05:30,submit,You,25,,Sell,LIMIT,1000,10,0,submitted,
2025-10-31T00:00:06.067680+05:30,result,You,25,,Sell,LIMIT,1000,10,0,open,
2025-10-31T00:00:06.202754+05:30,submit,You,26,,Sell,LIMIT,1000,10,0,submitted,
2025-10-31T00:00:06.202940+05:30,result,You,26,,Sell,LIMIT,1000,10,0,open,
2025-10-31T00:00:06.340388+05:30,submit,You,27,,Sell,LIMIT,1000,10,0,submitted,
2025-10-31T00:00:06.340732+05:30,result,You,27,,Sell,LIMIT,1000,10,0,open,
2025-10-31T00:00:06.441562+05:30,submit,You,28,,Sell,LIMIT,1000,10,0,submitted,
2025-10-31T00:00:06.442014+05:30,result,You,28,,Sell,LIMIT,1000,10,0,open,
2025-10-31T00:00:06.577771+05:30,submit,You,29,,Sell,LIMIT,1000,10,0,submitted,
2025-10-31T00:00:06.578511+05:30,result,You,29,,Sell,LIMIT,1000,10,0,open,
2025-10-31T00:00:06.680073+05:30,submit,You,30,,Sell,LIMIT,1000,10,0,submitted,
2025-10-31T00:00:06.680881+05:30,result,You,30,,Sell,LIMIT,1000,10,0,open,
2025-10-31T00:00:06.816007+05:30,submit,You,31,,Sell,LIMIT,1000,10,0,submitted,
2025-10-31T00:00:06.816971+05:30,result,You,31,,Sell,LIMIT,1000,10,0,open,
2025-10-31T00:00:06.952193+05:30,submit,You,32,,Sell,LIMIT,1000,10,0,submitted,
2025-10-31T00:00:06.952989+05:30,result,You,32,,Sell,LIMIT,1000,10,0,open,
2025-10-31T00:00:07.054439+05:30,submit,You,33,,Sell,LIMIT,1000,10,0,submitted,
2025-10-31T00:00:07.055263+05:30,result,You,33,,Sell,LIMIT,1000,10,0,open,
2025-10-31T00:00:07.193677+05:30,submit,You,34,,Sell,LIMIT,1000,10,0,submitted,
2025-10-31T00:00:07.194149+05:30,result,You,34,,Sell,LIMIT,1000,10,0,open,
2025-10-31T00:00:07.326711+05:30,submit,You,35,,Sell,LIMIT,1000,10,0,submitted,
2025-10-31T00:00:07.327548+05:30,result,You,35,,Sell,LIMIT,1000,10,0,open,
2025-10-31T00:00:52.067049+05:30,submit,You,36,,Sell,LIMIT,1000,10,0,submitted,
2025-10-31T00:00:52.068041+05:30,result,You,36,,Sell,LIMIT,1000,10,0,open,
2025-10-31T00:00:52.234730+05:30,submit,You,37,,Sell,LIMIT,1000,10,0,submitted,
2025-10-31T00:00:52.235207+05:30,result,You,37,,Sell,LIMIT,1000,10,0,open,
2025-10-31T00:00:52.371917+05:30,submit,You,38,,Sell,LIMIT,1000,10,0,submitted,
2025-10-31T00:00:52.372740+05:30,result,You,38,,Sell,LIMIT,1000,10,0,open,
2025-10-31T00:00:52.471962+05:30,submit,You,39,,Sell,LIMIT,1000,10,0,submitted,
2025-10-31T00:00:52.472530+05:30,result,You,39,,Sell,LIMIT,1000,10,0,open,
2025-10-31T00:00:52.607802+05:30,submit,You,40,,Sell,LIMIT,1000,10,0,submitted,
2025-10-31T00:00:52.608091+05:30,result,You,40,,Sell,LIMIT,1000,10,0,open,
2025-10-31T00:00:52.745890+05:30,submit,You,41,,Sell,LIMIT,1000,10,0,submitted,
2025-10-31T00:00:52.746728+05:30,result,You,41,,Sell,LIMIT,1000,10,0,open,
2025-10-31T00:01:29.105934+05:30,submit,You,42,,Buy,LIMIT,1000,10,0,submitted,
2025-10-31T00:01:29.106720+05:30,result,You,42,,Buy,LIMIT,1000,10,10,filled,
2025-10-31T00:01:29.107004+05:30,trade,You,42,6,Buy,LIMIT,1000,10,10,executed,Seller
2025-10-31T00:01:29.513394+05:30,submit,You,43,,Buy,LIMIT,1000,10,0,submitted,
2025-10-31T00:01:29.514056+05:30,result,You,43,,Buy,LIMIT,1000,10,10,filled,
2025-10-31T00:01:29.514484+05:30,trade,You,43,7,Buy,LIMIT,1000,10,10,executed,Seller
2025-10-31T00:01:29.650547+05:30,submit,You,44,,Buy,LIMIT,1000,10,0,submitted,
2025-10-31T00:01:29.651665+05:30,result,You,44,,Buy,LIMIT,1000,10,10,filled,
2025-10-31T00:01:29.652006+05:30,trade,You,44,8,Buy,LIMIT,1000,10,10,executed,Seller
2025-10-31T00:01:29.923049+05:30,submit,You,45,,Buy,LIMIT,1000,10,0,submitted,
2025-10-31T00:01:29.924384+05:30,result,You,45,,Buy,LIMIT,1000,10,10,filled,
2025-10-31T00:01:29.924958+05:30,trade,You,45,9,Buy,LIMIT,1000,10,10,executed,Seller
2025-10-31T00:01:30.089071+05:30,submit,You,46,,Buy,LIMIT,1000,10,0,submitted,
2025-10-31T00:01:30.089631+05:30,result,You,46,,Buy,LIMIT,1000,10,10,filled,
2025-10-31T00:01:30.090056+05:30,trade,You,46,10,Buy,LIMIT,1000,10,10,executed,Seller
2025-10-31T00:01:30.229246+05:30,submit,You,47,,Buy,LIMIT,1000,10,0,submitted,
2025-10-31T00:01:30.229933+05:30,result,You,47,,Buy,LIMIT,1000,10,10,filled,
2025-10-31T00:01:30.230342+05:30,trade,You,47,11,Buy,LIMIT,1000,10,10,executed,Seller
2025-10-31T00:01:30.329465+05:30,submit,You,48,,Buy,LIMIT,1000,10,0,submitted,
2025-10-31T00:01:30.330599+05:30,result,You,48,,Buy,LIMIT,1000,10,10,filled,
2025-10-31T00:01:30.330863+05:30,trade,You,48,12,Buy,LIMIT,1000,10,10,executed,Seller
2025-10-31T00:01:30.497671+05:30,submit,You,49,,Buy,LIMIT,1000,10,0,submitted,
2025-10-31T00:01:30.498310+05:30,result,You,49,,Buy,LIMIT,1000,10,10,filled,
2025-10-31T00:01:30.498723+05:30,trade,You,49,13,Buy,LIMIT,1000,10,10,executed,Seller
2025-10-31T00:01:34.647343+05:30,submit,You,50,,Buy,LIMIT,1004,10,0,submitted,
2025-10-31T00:01:34.648717+05:30,result,You,50,,Buy,LIMIT,1004,10,10,filled,
2025-10-31T00:01:34.649132+05:30,trade,You,50,14,Buy,LIMIT,1000,10,10,executed,Seller
2025-10-31T00:01:35.054177+05:30,submit,You,51,,Buy,LIMIT,1004,10,0,submitted,
2025-10-31T00:01:35.054844+05:30,result,You,51,,Buy,LIMIT,1004,10,10,filled,
2025-10-31T00:01:35.055244+05:30,trade,You,51,15,Buy,LIMIT,1000,10,10,executed,Seller
2025-10-31T00:01:35.224137+05:30,submit,You,52,,Buy,LIMIT,1004,10,0,submitted,
2025-10-31T00:01:35.224713+05:30,result,You,52,,Buy,LIMIT,1004,10,10,filled,
2025-10-31T00:01:35.225177+05:30,trade,You,52,16,Buy,LIMIT,1000,10,10,executed,Seller
2025-10-31T00:01:35.667606+05:30,submit,You,53,,Buy,LIMIT,1004,10,0,submitted,
2025-10-31T00:01:35.668644+05:30,result,You,53,,Buy,LIMIT,1004,10,10,filled,
2025-10-31T00:01:35.668825+05:30,trade,You,53,17,Buy,LIMIT,1000,10,10,executed,Seller
2025-10-31T00:01:35.803817+05:30,submit,You,54,,Buy,LIMIT,1004,10,0,submitted,
2025-10-31T00:01:35.804965+05:30,result,You,54,,Buy,LIMIT,1004,10,10,filled,
2025-10-31T00:01:35.805305+05:30,trade,You,54,18,Buy,LIMIT,1000,10,10,executed,Seller
2025-10-31T00:01:35.938925+05:30,submit,You,55,,Buy,LIMIT,1004,10,0,submitted,
2025-10-31T00:01:35.940319+05:30,result,You,55,,Buy,LIMIT,1004,10,10,filled,
2025-10-31T00:01:35.940506+05:30,trade,You,55,19,Buy,LIMIT,1000,10,10,executed,Seller
2025-10-31T00:01:36.076460+05:30,submit,You,56,,Buy,LIMIT,1004,10,0,submitted,
2025-10-31T00:01:36.077606+05:30,result,You,56,,Buy,LIMIT,1004,10,10,filled,
2025-10-31T00:01:36.077846+05:30,trade,You,56,20,Buy,LIMIT,1000,10,10,executed,Seller
2025-10-31T00:01:36.213684+05:30,submit,You,57,,Buy,LIMIT,1004,10,0,submitted,
2025-10-31T00:01:36.215127+05:30,result,You,57,,Buy,LIMIT,1004,10,10,filled,
2025-10-31T00:01:36.215534+05:30,trade,You,57,21,Buy,LIMIT,1000,10,10,executed,Seller
2025-10-31T00:01:36.346866+05:30,submit,You,58,,Buy,LIMIT,1004,10,0,submitted,
2025-10-31T00:01:36.347841+05:30,result,You,58,,Buy,LIMIT,1004,10,10,filled,
2025-10-31T00:01:36.348047+05:30,trade,You,58,22,Buy,LIMIT,1000,10,10,executed,Seller
2025-10-31T00:01:36.483419+05:30,submit,You,59,,Buy,LIMIT,1004,10,0,submitted,
2025-10-31T00:01:36.484672+05:30,result,You,59,,Buy,LIMIT,1004,10,10,filled,
2025-10-31T00:01:36.485021+05:30,trade,You,59,23,Buy,LIMIT,1000,10,10,executed,Seller
2025-10-31T00:01:36.618206+05:30,submit,You,60,,Buy,LIMIT,1004,10,0,submitted,
2025-10-31T00:01:36.618899+05:30,result,You,60,,Buy,LIMIT,1004,10,10,filled,
2025-10-31T00:01:36.619293+05:30,trade,You,60,24,Buy,LIMIT,1000,10,10,executed,Seller
2025-10-31T00:01:36.754132+05:30,submit,You,61,,Buy,LIMIT,1004,10,0,submitted,
2025-10-31T00:01:36.754845+05:30,result,You,61,,Buy,LIMIT,1004,10,0,open,
2025-10-31T00:01:36.890878+05:30,submit,You,62,,Buy,LIMIT,1004,10,0,submitted,
2025-10-31T00:01:36.891854+05:30,result,You,62,,Buy,LIMIT,1004,10,0,open,
2025-10-31T00:01:37.092287+05:30,submit,You,63,,Buy,LIMIT,1004,10,0,submitted,
2025-10-31T00:01:37.093178+05:30,result,You,63,,Buy,LIMIT,1004,10,0,open,
2025-10-31T00:01:39.745021+05:30,submit,You,64,,Sell,MARKET,1004,10,0,submitted,
2025-10-31T00:01:39.746469+05:30,result,You,64,,Sell,MARKET,1004,10,10,filled,
2025-10-31T00:01:39.746917+05:30,trade,You,64,25,Sell,MARKET,1004,10,10,executed,Buyer
2025-10-31T00:01:40.423382+05:30,submit,You,65,,Sell,MARKET,1004,10,0,submitted,
2025-10-31T00:01:40.424265+05:30,result,You,65,,Sell,MARKET,1004,10,10,filled,
2025-10-31T00:01:40.424596+05:30,trade,You,65,26,Sell,MARKET,1004,10,10,executed,Buyer
2025-10-31T00:02:42.279178+05:30,submit,You,1,,Buy,LIMIT,1000,10,0,submitted,
2025-10-31T00:02:42.280464+05:30,result,You,1,,Buy,LIMIT,1000,10,0,open,
2025-10-31T00:02:42.854850+05:30,submit,You,2,,Buy,LIMIT,1000,10,0,submitted,
2025-10-31T00:02:42.855755+05:30,result,You,2,,Buy,LIMIT,1000,10,0,open,
2025-10-31T00:03:05.234025+05:30,submit,You,3,,Buy,LIMIT,1000,10,0,submitted,
2025-10-31T00:03:05.234987+05:30,result,You,3,,Buy,LIMIT,1000,10,0,open,
2025-10-31T00:03:05.403025+05:30,submit,You,4,,Buy,LIMIT,1000,10,0,submitted,
2025-10-31T00:03:05.403924+05:30,result,You,4,,Buy,LIMIT,1000,10,0,open,
2025-10-31T00:03:05.639492+05:30,submit,You,5,,Buy,LIMIT,1000,10,0,submitted,
2025-10-31T00:03:05.640237+05:30,result,You,5,,Buy,LIMIT,1000,10,0,open,
2025-10-31T00:03:05.877875+05:30,submit,You,6,,Buy,LIMIT,1000,10,0,submitted,
2025-10-31T00:03:05.878439+05:30,result,You,6,,Buy,LIMIT,1000,10,0,open,
2025-10-31T00:03:05.979581+05:30,submit,You,7,,Buy,LIMIT,1000,10,0,submitted,
2025-10-31T00:03:05.980417+05:30,result,You,7,,Buy,LIMIT,1000,10,0,open,
2025-10-31T00:03:06.080823+05:30,submit,You,8,,Buy,LIMIT,1000,10,0,submitted,
2025-10-31T00:03:06.081705+05:30,result,You,8,,Buy,LIMIT,1000,10,0,open,
2025-10-31T00:03:06.321093+05:30,submit,You,9,,Buy,LIMIT,1000,10,0,submitted,
2025-10-31T00:03:06.321689+05:30,result,You,9,,Buy,LIMIT,1000,10,0,open,
2025-10-31T00:03:06.454772+05:30,submit,You,10,,Buy,LIMIT,1000,10,0,submitted,
2025-10-31T00:03:06.455262+05:30,result,You,10,,Buy,LIMIT,1000,10,0,open,
2025-10-31T00:03:06.727667+05:30,submit,You,11,,Buy,LIMIT,1000,10,0,submitted,
2025-10-31T00:03:06.728696+05:30,result,You,11,,Buy,LIMIT,1000,10,0,open,
2025-10-31T00:03:06.863862+05:30,submit,You,12,,Buy,LIMIT,1000,10,0,submitted,
2025-10-31T00:03:06.864762+05:30,result,You,12,,Buy,LIMIT,1000,10,0,open,
2025-10-31T00:03:07.030633+05:30,submit,You,13,,Buy,LIMIT,1000,10,0,submitted,
2025-10-31T00:03:07.030904+05:30,result,You,13,,Buy,LIMIT,1000,10,0,open,
2025-10-31T00:03:07.506102+05:30,submit,You,14,,Buy,LIMIT,1000,10,0,submitted,
2025-10-31T00:03:07.506432+05:30,result,You,14,,Buy,LIMIT,1000,10,0,open,
2025-10-31T00:03:07.611706+05:30,submit,You,15,,Buy,LIMIT,1000,10,0,submitted,
2025-10-31T00:03:07.612575+05:30,result,You,15,,Buy,LIMIT,1000,10,0,open,
2025-10-31T00:03:07.748378+05:30,submit,You,16,,Buy,LIMIT,1000,10,0,submitted,
2025-10-31T00:03:07.749101+05:30,result,You,16,,Buy,LIMIT,1000,10,0,open,
2025-10-31T00:03:44.048437+05:30,submit,You,1,,Buy,LIMIT,1000,10,0,submitted,
2025-10-31T00:03:44.049383+05:30,result,You,1,,Buy,LIMIT,1000,10,0,open,
2025-10-31T00:03:44.356338+05:30,submit,You,2,,Buy,LIMIT,1000,10,0,submitted,
2025-10-31T00:03:44.357260+05:30,result,You,2,,Buy,LIMIT,1000,10,0,open,
2025-10-31T00:03:46.426136+05:30,submit,You,3,,Sell,LIMIT,1000,10,0,submitted,
2025-10-31T00:03:46.426970+05:30,result,You,3,,Sell,LIMIT,1000,10,10,filled,
2025-10-31T00:03:46.427293+05:30,trade,You,3,1,Sell,LIMIT,1000,10,10,executed,Buyer
2025-10-31T00:03:46.798531+05:30,submit,You,4,,Sell,LIMIT,1000,10,0,submitted,
2025-10-31T00:03:46.799171+05:30,result,You,4,,Sell,LIMIT,1000,10,10,filled,
2025-10-31T00:03:46.799569+05:30,trade,You,4,2,Sell,LIMIT,1000,10,10,executed,Buyer
2025-10-31T00:03:52.775711+05:30,submit,You,5,,Sell,MARKET,1004,10,0,submitted,
2025-10-31T00:03:52.776463+05:30,result,You,5,,Sell,MARKET,1004,10,0,open,
2025-10-31T00:03:53.557651+05:30,submit,You,6,,Sell,MARKET,1004,10,0,submitted,
2025-10-31T00:03:53.558489+05:30,result,You,6,,Sell,MARKET,1004,10,0,open,
2025-10-31T00:03:55.224872+05:30,submit,You,7,,Sell,MARKET,1004,10,0,submitted,
2025-10-31T00:03:55.225863+05:30,result,You,7,,Sell,MARKET,1004,10,0,open,
2025-10-31T00:03:57.705595+05:30,submit,You,8,,Sell,LIMIT,1004,10,0,submitted,
2025-10-31T00:03:57.706549+05:30,result,You,8,,Sell,LIMIT,1004,10,0,open,
2025-10-31T00:03:59.773471+05:30,submit,You,9,,Sell,MARKET,1004,10,0,submitted,
2025-10-31T00:03:59.773847+05:30,result,You,9,,Sell,MARKET,1004,10,0,open,
2025-10-31T00:04:00.963108+05:30,submit,You,10,,Sell,MARKET,1004,10,0,submitted,
2025-10-31T00:04:00.963920+05:30,result,You,10,,Sell,MARKET,1004,10,0,open,
2025-10-31T00:04:01.099232+05:30,submit,You,11,,Sell,MARKET,1004,10,0,submitted,
2025-10-31T00:04:01.100021+05:30,result,You,11,,Sell,MARKET,1004,10,0,open,
2025-10-31T00:05:21.302167+05:30,submit,You,1,,Buy,LIMIT,1000,10,0,submitted,
2025-10-31T00:05:21.304099+05:30,result,You,1,,Buy,LIMIT,1000,10,0,open,
2025-10-31T00:05:21.434702+05:30,submit,You,2,,Buy,LIMIT,1000,10,0,submitted,
2025-10-31T00:05:21.435220+05:30,result,You,2,,Buy,LIMIT,1000,10,0,open,
2025-10-31T00:05:21.537106+05:30,submit,You,3,,Buy,LIMIT,1000,10,0,submitted,
2025-10-31T00:05:21.537964+05:30,result,You,3,,Buy,LIMIT,1000,10,0,open,
2025-10-31T00:05:21.673977+05:30,submit,You,4,,Buy,LIMIT,1000,10,0,submitted,
2025-10-31T00:05:21.674839+05:30,result,You,4,,Buy,LIMIT,1000,10,0,open,
2025-10-31T00:05:21.776882+05:30,submit,You,5,,Buy,LIMIT,1000,10,0,submitted,
2025-10-31T00:05:21.777742+05:30,result,You,5,,Buy,LIMIT,1000,10,0,open,
2025-10-31T00:05:22.115757+05:30,submit,You,6,,Buy,LIMIT,1000,10,0,submitted,
2025-10-31T00:05:22.116608+05:30,result,You,6,,Buy,LIMIT,1000,10,0,open,
2025-10-31T00:05:22.353294+05:30,submit,You,7,,Buy,LIMIT,1000,10,0,submitted,
2025-10-31T00:05:22.354175+05:30,result,You,7,,Buy,LIMIT,1000,10,0,open,
2025-10-31T00:05:22.454516+05:30,submit,You,8,,Buy,LIMIT,1000,10,0,submitted,
2025-10-31T00:05:22.455327+05:30,result,You,8,,Buy,LIMIT,1000,10,0,open,
2025-10-31T00:05:22.556198+05:30,submit,You,9,,Buy,LIMIT,1000,10,0,submitted,
2025-10-31T00:05:22.557021+05:30,result,You,9,,Buy,LIMIT,1000,10,0,open,
2025-10-31T00:05:22.658806+05:30,submit,You,10,,Buy,LIMIT,1000,10,0,submitted,
2025-10-31T00:05:22.659607+05:30,result,You,10,,Buy,LIMIT,1000,10,0,open,
2025-10-31T00:05:28.128784+05:30,submit,You,11,,Buy,MARKET,1000,10,0,submitted,
2025-10-31T00:05:28.129661+05:30,result,You,11,,Buy,MARKET,1000,10,0,open,
2025-10-31T00:05:28.263846+05:30,submit,You,12,,Buy,MARKET,1000,10,0,submitted,
2025-10-31T00:05:28.264546+05:30,result,You,12,,Buy,MARKET,1000,10,0,open,
2025-10-31T00:05:28.367788+05:30,submit,You,13,,Buy,MARKET,1000,10,0,submitted,
2025-10-31T00:05:28.368476+05:30,result,You,13,,Buy,MARKET,1000,10,0,open,
2025-10-31T00:05:28.502711+05:30,submit,You,14,,Buy,MARKET,1000,10,0,submitted,
2025-10-31T00:05:28.503466+05:30,result,You,14,,Buy,MARKET,1000,10,0,open,
2025-10-31T00:05:28.601063+05:30,submit,You,15,,Buy,MARKET,1000,10,0,submitted,
2025-10-31T00:05:28.601566+05:30,result,You,15,,Buy,MARKET,1000,10,0,open,
2025-10-31T00:05:29.080479+05:30,submit,You,16,,Buy,MARKET,1000,10,0,submitted,
2025-10-31T00:05:29.081254+05:30,result,You,16,,Buy,MARKET,1000,10,0,open,
2025-10-31T00:05:29.081847+05:30,submit,You,17,,Buy,MARKET,1000,10,0,submitted,
2025-10-31T00:05:29.082162+05:30,result,You,17,,Buy,MARKET,1000,10,0,open,
2025-10-31T00:05:29.147358+05:30,submit,You,18,,Buy,MARKET,1000,10,0,submitted,
2025-10-31T00:05:29.148075+05:30,result,You,18,,Buy,MARKET,1000,10,0,open,
2025-10-31T00:05:34.295965+05:30,submit,You,19,,Sell,MARKET,1000,10,0,submitted,
2025-10-31T00:05:34.297302+05:30,result,You,19,,Sell,MARKET,1000,10,10,filled,
2025-10-31T00:05:34.297672+05:30,trade,You,19,1,Sell,MARKET,1000,10,10,executed,Buyer
2025-10-31T00:05:34.431934+05:30,submit,You,20,,Sell,MARKET,1000,10,0,submitted,
2025-10-31T00:05:34.433251+05:30,result,You,20,,Sell,MARKET,1000,10,10,filled,
2025-10-31T00:05:34.433433+05:30,trade,You,20,2,Sell,MARKET,1000,10,10,executed,Buyer
2025-10-31T00:05:34.533429+05:30,submit,You,21,,Sell,MARKET,1000,10,0,submitted,
2025-10-31T00:05:34.534565+05:30,result,You,21,,Sell,MARKET,1000,10,10,filled,
2025-10-31T00:05:34.534863+05:30,trade,You,21,3,Sell,MARKET,1000,10,10,executed,Buyer
2025-10-31T00:05:34.635007+05:30,submit,You,22,,Sell,MARKET,1000,10,0,submitted,
2025-10-31T00:05:34.635694+05:30,result,You,22,,Sell,MARKET,1000,10,10,filled,
2025-10-31T00:05:34.636075+05:30,trade,You,22,4,Sell,MARKET,1000,10,10,executed,Buyer
2025-10-31T00:05:34.772457+05:30,submit,You,23,,Sell,MARKET,1000,10,0,submitted,
2025-10-31T00:05:34.773518+05:30,result,You,23,,Sell,MARKET,1000,10,10,filled,
2025-10-31T00:05:34.773753+05:30,trade,You,23,5,Sell,MARKET,1000,10,10,executed,Buyer
2025-10-31T00:05:35.182218+05:30,submit,You,24,,Sell,MARKET,1000,10,0,submitted,
2025-10-31T00:05:35.183497+05:30,result,You,24,,Sell,MARKET,1000,10,10,filled,
2025-10-31T00:05:35.183929+05:30,trade,You,24,6,Sell,MARKET,1000,10,10,executed,Buyer
2025-10-31T00:05:35.250667+05:30,submit,You,25,,Sell,MARKET,1000,10,0,submitted,
2025-10-31T00:05:35.251784+05:30,result,You,25,,Sell,MARKET,1000,10,10,filled,
2025-10-31T00:05:35.252130+05:30,trade,You,25,7,Sell,MARKET,1000,10,10,executed,Buyer
2025-10-31T00:05:35.318946+05:30,submit,You,26,,Sell,MARKET,1000,10,0,submitted,
2025-10-31T00:05:35.320075+05:30,result,You,26,,Sell,MARKET,1000,10,10,filled,
2025-10-31T00:05:35.320394+05:30,trade,You,26,8,Sell,MARKET,1000,10,10,executed,Buyer
2025-10-31T00:05:35.420000+05:30,submit,You,27,,Sell,MARKET,1000,10,0,submitted,
2025-10-31T00:05:35.421586+05:30,result,You,27,,Sell,MARKET,1000,10,10,filled,
2025-10-31T00:05:35.421999+05:30,trade,You,27,9,Sell,MARKET,1000,10,10,executed,Buyer
2025-10-31T00:05:35.486193+05:30,submit,You,28,,Sell,MARKET,1000,10,0,submitted,
2025-10-31T00:05:35.486844+05:30,result,You,28,,Sell,MARKET,1000,10,10,filled,
2025-10-31T00:05:35.487178+05:30,trade,You,28,10,Sell,MARKET,1000,10,10,executed,Buyer
2025-10-31T00:05:35.554944+05:30,submit,You,29,,Sell,MARKET,1000,10,0,submitted,
2025-10-31T00:05:35.555167+05:30,result,You,29,,Sell,MARKET,1000,10,0,open,
2025-10-31T00:05:38.312484+05:30,submit,You,30,,Buy,LIMIT,1000,10,0,submitted,
2025-10-31T00:05:38.313454+05:30,result,You,30,,Buy,LIMIT,1000,10,0,open,
2025-10-31T00:05:38.477149+05:30,submit,You,31,,Buy,LIMIT,1000,10,0,submitted,
2025-10-31T00:05:38.477596+05:30,result,You,31,,Buy,LIMIT,1000,10,0,open,
2025-10-31T00:05:38.580059+05:30,submit,You,32,,Buy,LIMIT,1000,10,0,submitted,
2025-10-31T00:05:38.580409+05:30,result,You,32,,Buy,LIMIT,1000,10,0,open,
2025-10-31T00:05:42.426261+05:30,submit,You,33,,Buy,LIMIT,1003,10,0,submitted,
2025-10-31T00:05:42.426850+05:30,result,You,33,,Buy,LIMIT,1003,10,0,open,
2025-10-31T00:05:42.595713+05:30,submit,You,34,,Buy,LIMIT,1003,10,0,submitted,
2025-10-31T00:05:42.596531+05:30,result,You,34,,Buy,LIMIT,1003,10,0,open,
2025-10-31T00:05:45.352616+05:30,submit,You,35,,Buy,LIMIT,1004,10,0,submitted,
2025-10-31T00:05:45.353502+05:30,result,You,35,,Buy,LIMIT,1004,10,0,open,
2025-10-31T00:05:47.320476+05:30,submit,You,36,,Sell,MARKET,1004,10,0,submitted,
2025-10-31T00:05:47.322074+05:30,result,You,36,,Sell,MARKET,1004,10,10,filled,
2025-10-31T00:05:47.322486+05:30,trade,You,36,16,Sell,MARKET,1004,10,10,executed,Buyer
2025-10-31T00:05:49.766929+05:30,submit,You,37,,Sell,MARKET,1004,10,0,submitted,
2025-10-31T00:05:49.768264+05:30,result,You,37,,Sell,MARKET,1004,10,10,filled,
2025-10-31T00:05:49.768658+05:30,trade,You,37,14,Sell,MARKET,1003,10,10,executed,Buyer
2025-10-31T00:05:50.682915+05:30,submit,You,38,,Sell,MARKET,1004,10,0,submitted,
2025-10-31T00:05:50.683461+05:30,result,You,38,,Sell,MARKET,1004,10,10,filled,
2025-10-31T00:05:50.683838+05:30,trade,You,38,15,Sell,MARKET,1003,10,10,executed,Buyer
2025-10-31T00:05:51.708370+05:30,submit,You,39,,Sell,MARKET,1004,10,0,submitted,
2025-10-31T00:05:51.709553+05:30,result,You,39,,Sell,MARKET,1004,10,10,filled,
2025-10-31T00:05:51.709774+05:30,trade,You,39,11,Sell,MARKET,1000,10,10,executed,Buyer
2025-10-31T00:05:52.252813+05:30,submit,You,40,,Sell,MARKET,1004,10,0,submitted,
2025-10-31T00:05:52.253828+05:30,result,You,40,,Sell,MARKET,1004,10,10,filled,
2025-10-31T00:05:52.254129+05:30,trade,You,40,12,Sell,MARKET,1000,10,10,executed,Buyer
2025-10-31T00:05:52.660371+05:30,submit,You,41,,Sell,MARKET,1004,10,0,submitted,
2025-10-31T00:05:52.661070+05:30,result,You,41,,Sell,MARKET,1004,10,10,filled,
2025-10-31T00:05:52.661478+05:30,trade,You,41,13,Sell,MARKET,1000,10,10,executed,Buyer
2025-10-31T00:06:01.164608+05:30,submit,You,42,,Sell,MARKET,1004,10,0,submitted,
2025-10-31T00:06:01.165179+05:30,result,You,42,,Sell,MARKET,1004,10,0,open,
2025-10-31T00:06:10.942405+05:30,submit,You,43,,Sell,LIMIT,995,10,0,submitted,
2025-10-31T00:06:10.943239+05:30,result,You,43,,Sell,LIMIT,995,10,0,open,
2025-10-31T00:06:14.544354+05:30,submit,You,44,,Buy,MARKET,995,10,0,submitted,
2025-10-31T00:06:14.545829+05:30,result,You,44,,Buy,MARKET,995,10,10,filled,
2025-10-31T00:06:14.546044+05:30,trade,You,44,17,Buy,MARKET,995,10,10,executed,Seller
2025-10-31T00:08:41.498774+05:30,submit,You,1,,Buy,LIMIT,1000,10,0,submitted,
2025-10-31T00:08:41.499658+05:30,result,You,1,,Buy,LIMIT,1000,10,0,open,
2025-10-31T00:08:41.632479+05:30,submit,You,2,,Buy,LIMIT,1000,10,0,submitted,
2025-10-31T00:08:41.632827+05:30,result,You,2,,Buy,LIMIT,1000,10,0,open,
2025-10-31T00:08:41.770140+05:30,submit,You,3,,Buy,LIMIT,1000,10,0,submitted,
2025-10-31T00:08:41.770813+05:30,result,You,3,,Buy,LIMIT,1000,10,0,open,
2025-10-31T00:08:41.872359+05:30,submit,You,4,,Buy,LIMIT,1000,10,0,submitted,
2025-10-31T00:08:41.873090+05:30,result,You,4,,Buy,LIMIT,1000,10,0,open,
2025-10-31T00:08:41.974263+05:30,submit,You,5,,Buy,LIMIT,1000,10,0,submitted,
2025-10-31T00:08:41.975078+05:30,result,You,5,,Buy,LIMIT,1000,10,0,open,
2025-10-31T00:08:42.109918+05:30,submit,You,6,,Buy,LIMIT,1000,10,0,submitted,
2025-10-31T00:08:42.110765+05:30,result,You,6,,Buy,LIMIT,1000,10,0,open,
2025-10-31T00:08:42.247257+05:30,submit,You,7,,Buy,LIMIT,1000,10,0,submitted,
2025-10-31T00:08:42.248197+05:30,result,You,7,,Buy,LIMIT,1000,10,0,open,
2025-10-31T00:08:42.448199+05:30,submit,You,8,,Buy,LIMIT,1000,10,0,submitted,
2025-10-31T00:08:42.448492+05:30,result,You,8,,Buy,LIMIT,1000,10,0,open,
2025-10-31T00:08:42.583409+05:30,submit,You,9,,Buy,LIMIT,1000,10,0,submitted,
2025-10-31T00:08:42.583626+05:30,result,You,9,,Buy,LIMIT,1000,10,0,open,
2025-10-31T00:14:01.300157+05:30,submit,You,1,,Buy,LIMIT,1010,10,0,submitted,
2025-10-31T00:14:01.302138+05:30,result,You,1,,Buy,LIMIT,1010,10,0,open,
2025-10-31T00:14:46.742754+05:30,submit,You,2,,Buy,LIMIT,1010,10,0,submitted,
2025-10-31T00:14:46.743289+05:30,result,You,2,,Buy,LIMIT,1010,10,0,open,
2025-10-31T00:14:51.773116+05:30,submit,You,3,,Buy,LIMIT,1008,10,0,submitted,
2025-10-31T00:14:51.773958+05:30,result,You,3,,Buy,LIMIT,1008,10,0,open,
2025-10-31T00:14:53.609032+05:30,submit,You,4,,Buy,LIMIT,1004,10,0,submitted,
2025-10-31T00:14:53.609571+05:30,result,You,4,,Buy,LIMIT,1004,10,0,open,
2025-10-31T00:14:56.392260+05:30,submit,You,5,,Buy,LIMIT,1003,13,0,submitted,
2025-10-31T00:14:56.392757+05:30,result,You,5,,Buy,LIMIT,1003,13,0,open,
2025-10-31T00:14:57.175377+05:30,submit,You,6,,Buy,LIMIT,1003,13,0,submitted,
2025-10-31T00:14:57.175732+05:30,result,You,6,,Buy,LIMIT,1003,13,0,open,
2025-10-31T00:14:57.893032+05:30,submit,You,7,,Buy,LIMIT,1003,13,0,submitted,
2025-10-31T00:14:57.893901+05:30,result,You,7,,Buy,LIMIT,1003,13,0,open,
2025-10-31T00:15:03.363653+05:30,submit,You,8,,Sell,MARKET,1003,13,0,submitted,
2025-10-31T00:15:03.365305+05:30,result,You,8,,Sell,MARKET,1003,13,13,filled,
2025-10-31T00:15:03.365921+05:30,trade,You,8,1,Sell,MARKET,1010,10,10,executed,Buyer
2025-10-31T00:15:03.366468+05:30,trade,You,8,2,Sell,MARKET,1010,3,3,executed,Buyer
2025-10-31T00:15:06.286513+05:30,submit,You,9,,Sell,MARKET,1003,13,0,submitted,
2025-10-31T00:15:06.287254+05:30,result,You,9,,Sell,MARKET,1003,13,13,filled,
2025-10-31T00:15:06.287650+05:30,trade,You,9,2,Sell,MARKET,1010,7,7,executed,Buyer
2025-10-31T00:15:06.287787+05:30,trade,You,9,3,Sell,MARKET,1008,6,6,executed,Buyer
2025-10-31T00:15:06.794515+05:30,submit,You,10,,Sell,MARKET,1003,13,0,submitted,
2025-10-31T00:15:06.795831+05:30,result,You,10,,Sell,MARKET,1003,13,13,filled,
2025-10-31T00:15:06.796164+05:30,trade,You,10,3,Sell,MARKET,1008,4,4,executed,Buyer
2025-10-31T00:15:06.796440+05:30,trade,You,10,4,Sell,MARKET,1004,9,9,executed,Buyer
2025-10-31T00:15:07.336896+05:30,submit,You,11,,Sell,MARKET,1003,13,0,submitted,
2025-10-31T00:15:07.338051+05:30,result,You,11,,Sell,MARKET,1003,13,13,filled,
2025-10-31T00:15:07.338365+05:30,trade,You,11,4,Sell,MARKET,1004,1,1,executed,Buyer
2025-10-31T00:15:07.338651+05:30,trade,You,11,5,Sell,MARKET,1003,12,12,executed,Buyer
2025-10-31T00:15:08.221169+05:30,submit,You,12,,Sell,MARKET,1003,13,0,submitted,
2025-10-31T00:15:08.222270+05:30,result,You,12,,Sell,MARKET,1003,13,13,filled,
2025-10-31T00:15:08.222550+05:30,trade,You,12,5,Sell,MARKET,1003,1,1,executed,Buyer
2025-10-31T00:15:08.222759+05:30,trade,You,12,6,Sell,MARKET,1003,12,12,executed,Buyer
2025-10-31T00:15:08.698278+05:30,submit,You,13,,Sell,MARKET,1003,13,0,submitted,
2025-10-31T00:15:08.699549+05:30,result,You,13,,Sell,MARKET,1003,13,13,filled,
2025-10-31T00:15:08.699992+05:30,trade,You,13,6,Sell,MARKET,1003,1,1,executed,Buyer
2025-10-31T00:15:08.700375+05:30,trade,You,13,7,Sell,MARKET,1003,12,12,executed,Buyer
2025-10-31T00:15:09.071598+05:30,submit,You,14,,Sell,MARKET,1003,13,0,submitted,
2025-10-31T00:15:09.073042+05:30,result,You,14,,Sell,MARKET,1003,13,1,partial,
2025-10-31T00:15:09.073658+05:30,trade,You,14,7,Sell,MARKET,1003,1,1,executed,Buyer
2025-10-31T00:16:27.485693+05:30,submit,You,1,,Buy,LIMIT,1000,10,0,submitted,
2025-10-31T00:16:27.486766+05:30,result,You,1,,Buy,LIMIT,1000,10,0,open,
2025-10-31T00:16:27.622516+05:30,submit,You,2,,Buy,LIMIT,1000,10,0,submitted,
2025-10-31T00:16:27.623255+05:30,result,You,2,,Buy,LIMIT,1000,10,0,open,
2025-10-31T00:16:27.756094+05:30,submit,You,3,,Buy,LIMIT,1000,10,0,submitted,
2025-10-31T00:16:27.756792+05:30,result,You,3,,Buy,LIMIT,1000,10,0,open,
2025-10-31T00:16:27.858718+05:30,submit,You,4,,Buy,LIMIT,1000,10,0,submitted,
2025-10-31T00:16:27.859578+05:30,result,You,4,,Buy,LIMIT,1000,10,0,open,
2025-10-31T00:16:38.781053+05:30,submit,You,5,,Buy,LIMIT,1000,10,0,submitted,
2025-10-31T00:16:38.782030+05:30,result,You,5,,Buy,LIMIT,1000,10,0,open,
2025-10-31T00:16:39.052769+05:30,submit,You,6,,Buy,LIMIT,1000,10,0,submitted,
2025-10-31T00:16:39.053655+05:30,result,You,6,,Buy,LIMIT,1000,10,0,open,
2025-10-31T00:17:25.038584+05:30,submit,You,7,,Buy,LIMIT,1000,10,0,submitted,
2025-10-31T00:17:25.038840+05:30,result,You,7,,Buy,LIMIT,1000,10,0,open,
2025-10-31T00:17:25.209601+05:30,submit,You,8,,Buy,LIMIT,1000,10,0,submitted,
2025-10-31T00:17:25.210111+05:30,result,You,8,,Buy,LIMIT,1000,10,0,open,
2025-10-31T00:17:25.314120+05:30,submit,You,9,,Buy,LIMIT,1000,10,0,submitted,
2025-10-31T00:17:25.314833+05:30,result,You,9,,Buy,LIMIT,1000,10,0,open,
2025-10-31T00:17:25.415722+05:30,submit,You,10,,Buy,LIMIT,1000,10,0,submitted,
2025-10-31T00:17:25.416455+05:30,result,You,10,,Buy,LIMIT,1000,10,0,open,
2025-10-31T00:17:25.824031+05:30,submit,You,11,,Buy,LIMIT,1000,10,0,submitted,
2025-10-31T00:17:25.824902+05:30,result,You,11,,Buy,LIMIT,1000,10,0,open,
2025-10-31T00:17:25.959892+05:30,submit,You,12,,Buy,LIMIT,1000,10,0,submitted,
2025-10-31T00:17:25.960624+05:30,result,You,12,,Buy,LIMIT,1000,10,0,open,
2025-10-31T00:17:26.059569+05:30,submit,You,13,,Buy,LIMIT,1000,10,0,submitted,
2025-10-31T00:17:26.060069+05:30,result,You,13,,Buy,LIMIT,1000,10,0,open,
2025-10-31T00:18:19.899766+05:30,submit,You,1,,Buy,MARKET,1000,10,0,submitted,
2025-10-31T00:18:19.900136+05:30,result,You,1,,Buy,MARKET,1000,10,0,open,
2025-10-31T00:18:20.274195+05:30,submit,You,2,,Buy,MARKET,1000,10,0,submitted,
2025-10-31T00:18:20.274707+05:30,result,You,2,,Buy,MARKET,1000,10,0,open,
2025-10-31T00:18:21.976469+05:30,submit,You,3,,Buy,LIMIT,1000,10,0,submitted,
2025-10-31T00:18:21.977295+05:30,result,You,3,,Buy,LIMIT,1000,10,0,open,
2025-10-31T00:18:22.482929+05:30,submit,You,4,,Buy,LIMIT,1000,10,0,submitted,
2025-10-31T00:18:22.483275+05:30,result,You,4,,Buy,LIMIT,1000,10,0,open,
2025-10-31T00:18:22.792032+05:30,submit,You,5,,Buy,LIMIT,1000,10,0,submitted,
2025-10-31T00:18:22.793002+05:30,result,You,5,,Buy,LIMIT,1000,10,0,open,
2025-10-31T00:18:22.958373+05:30,submit,You,6,,Buy,LIMIT,1000,10,0,submitted,
2025-10-31T00:18:22.958837+05:30,result,You,6,,Buy,LIMIT,1000,10,0,open,
2025-10-31T00:18:23.129986+05:30,submit,You,7,,Buy,LIMIT,1000,10,0,submitted,
2025-10-31T00:18:23.130495+05:30,result,You,7,,Buy,LIMIT,1000,10,0,open,
2025-10-31T00:18:23.230276+05:30,submit,You,8,,Buy,LIMIT,1000,10,0,submitted,
2025-10-31T00:18:23.230551+05:30,result,You,8,,Buy,LIMIT,1000,10,0,open,
2025-10-31T00:18:23.365537+05:30,submit,You,9,,Buy,LIMIT,1000,10,0,submitted,
2025-10-31T00:18:23.365770+05:30,result,You,9,,Buy,LIMIT,1000,10,0,open,
2025-10-31T00:18:23.501830+05:30,submit,You,10,,Buy,LIMIT,1000,10,0,submitted,
2025-10-31T00:18:23.502229+05:30,result,You,10,,Buy,LIMIT,1000,10,0,open,
2025-10-31T00:18:23.605672+05:30,submit,You,11,,Buy,LIMIT,1000,10,0,submitted,
2025-10-31T00:18:23.606630+05:30,result,You,11,,Buy,LIMIT,1000,10,0,open,
2025-10-31T00:18:23.743635+05:30,submit,You,12,,Buy,LIMIT,1000,10,0,submitted,
2025-10-31T00:18:23.744532+05:30,result,You,12,,Buy,LIMIT,1000,10,0,open,
2025-10-31T00:18:23.880632+05:30,submit,You,13,,Buy,LIMIT,1000,10,0,submitted,
2025-10-31T00:18:23.881399+05:30,result,You,13,,Buy,LIMIT,1000,10,0,open,
2025-10-31T00:18:24.046381+05:30,submit,You,14,,Buy,LIMIT,1000,10,0,submitted,
2025-10-31T00:18:24.046627+05:30,result,You,14,,Buy,LIMIT,1000,10,0,open,
2025-10-31T00:18:24.181749+05:30,submit,You,15,,Buy,LIMIT,1000,10,0,submitted,
2025-10-31T00:18:24.181936+05:30,result,You,15,,Buy,LIMIT,1000,10,0,open,
2025-10-31T00:18:24.833056+05:30,submit,You,16,,Buy,LIMIT,1000,10,0,submitted,
2025-10-31T00:18:24.834059+05:30,result,You,16,,Buy,LIMIT,1000,10,0,open,
2025-10-31T00:18:25.065620+05:30,submit,You,17,,Buy,LIMIT,1000,10,0,submitted,
2025-10-31T00:18:25.065847+05:30,result,You,17,,Buy,LIMIT,1000,10,0,open,
2025-10-31T00:18:25.202266+05:30,submit,You,18,,Buy,LIMIT,1000,10,0,submitted,
2025-10-31T00:18:25.202488+05:30,result,You,18,,Buy,LIMIT,1000,10,0,open,
2025-10-31T00:18:25.372004+05:30,submit,You,19,,Buy,LIMIT,1000,10,0,submitted,
2025-10-31T00:18:25.372196+05:30,result,You,19,,Buy,LIMIT,1000,10,0,open,
2025-10-31T00:18:25.508443+05:30,submit,You,20,,Buy,LIMIT,1000,10,0,submitted,
2025-10-31T00:18:25.508648+05:30,result,You,20,,Buy,LIMIT,1000,10,0,open,
2025-10-31T00:18:27.003418+05:30,submit,You,21,,Sell,LIMIT,1000,10,0,submitted,
2025-10-31T00:18:27.004033+05:30,result,You,21,,Sell,LIMIT,1000,10,10,filled,
2025-10-31T00:18:27.004330+05:30,trade,You,21,1,Sell,LIMIT,1000,10,10,executed,Buyer
2025-10-31T00:18:27.175397+05:30,submit,You,22,,Sell,LIMIT,1000,10,0,submitted,
2025-10-31T00:18:27.176539+05:30,result,You,22,,Sell,LIMIT,1000,10,10,filled,
2025-10-31T00:18:27.176790+05:30,trade,You,22,2,Sell,LIMIT,1000,10,10,executed,Buyer
2025-10-31T00:18:27.312608+05:30,submit,You,23,,Sell,LIMIT,1000,10,0,submitted,
2025-10-31T00:18:27.313889+05:30,result,You,23,,Sell,LIMIT,1000,10,10,filled,
2025-10-31T00:18:27.314240+05:30,trade,You,23,3,Sell,LIMIT,1000,10,10,executed,Buyer
2025-10-31T00:18:27.582803+05:30,submit,You,24,,Sell,LIMIT,1000,10,0,submitted,
2025-10-31T00:18:27.583442+05:30,result,You,24,,Sell,LIMIT,1000,10,10,filled,
2025-10-31T00:18:27.583856+05:30,trade,You,24,4,Sell,LIMIT,1000,10,10,executed,Buyer
2025-10-31T00:18:27.750854+05:30,submit,You,25,,Sell,LIMIT,1000,10,0,submitted,
2025-10-31T00:18:27.751346+05:30,result,You,25,,Sell,LIMIT,1000,10,10,filled,
2025-10-31T00:18:27.751765+05:30,trade,You,25,5,Sell,LIMIT,1000,10,10,executed,Buyer
2025-10-31T00:18:27.921147+05:30,submit,You,26,,Sell,LIMIT,1000,10,0,submitted,
2025-10-31T00:18:27.921659+05:30,result,You,26,,Sell,LIMIT,1000,10,10,filled,
2025-10-31T00:18:27.922036+05:30,trade,You,26,6,Sell,LIMIT,1000,10,10,executed,Buyer
2025-10-31T00:18:28.161747+05:30,submit,You,27,,Sell,LIMIT,1000,10,0,submitted,
2025-10-31T00:18:28.163078+05:30,result,You,27,,Sell,LIMIT,1000,10,10,filled,
2025-10-31T00:18:28.163408+05:30,trade,You,27,7,Sell,LIMIT,1000,10,10,executed,Buyer
2025-10-31T00:18:28.500964+05:30,submit,You,28,,Sell,LIMIT,1000,10,0,submitted,
2025-10-31T00:18:28.502200+05:30,result,You,28,,Sell,LIMIT,1000,10,10,filled,
2025-10-31T00:18:28.502498+05:30,trade,You,28,8,Sell,LIMIT,1000,10,10,executed,Buyer
2025-10-31T00:18:28.533965+05:30,submit,You,29,,Sell,LIMIT,1000,10,0,submitted,
2025-10-31T00:18:28.534864+05:30,result,You,29,,Sell,LIMIT,1000,10,10,filled,
2025-10-31T00:18:28.535030+05:30,trade,You,29,9,Sell,LIMIT,1000,10,10,executed,Buyer
2025-10-31T00:18:28.636587+05:30,submit,You,30,,Sell,LIMIT,1000,10,0,submitted,
2025-10-31T00:18:28.637369+05:30,result,You,30,,Sell,LIMIT,1000,10,10,filled,
2025-10-31T00:18:28.637705+05:30,trade,You,30,10,Sell,LIMIT,1000,10,10,executed,Buyer
2025-10-31T00:18:28.704155+05:30,submit,You,31,,Sell,LIMIT,1000,10,0,submitted,
2025-10-31T00:18:28.704786+05:30,result,You,31,,Sell,LIMIT,1000,10,10,filled,
2025-10-31T00:18:28.705157+05:30,trade,You,31,11,Sell,LIMIT,1000,10,10,executed,Buyer
2025-10-31T00:18:28.773730+05:30,submit,You,32,,Sell,LIMIT,1000,10,0,submitted,
2025-10-31T00:18:28.774779+05:30,result,You,32,,Sell,LIMIT,1000,10,10,filled,
2025-10-31T00:18:28.774974+05:30,trade,You,32,12,Sell,LIMIT,1000,10,10,executed,Buyer
2025-10-31T00:18:28.909340+05:30,submit,You,33,,Sell,LIMIT,1000,10,0,submitted,
2025-10-31T00:18:28.910477+05:30,result,You,33,,Sell,LIMIT,1000,10,10,filled,
2025-10-31T00:18:28.910814+05:30,trade,You,33,13,Sell,LIMIT,1000,10,10,executed,Buyer
2025-10-31T00:18:28.974707+05:30,submit,You,34,,Sell,LIMIT,1000,10,0,submitted,
2025-10-31T00:18:28.975271+05:30,result,You,34,,Sell,LIMIT,1000,10,10,filled,
2025-10-31T00:18:28.975684+05:30,trade,You,34,14,Sell,LIMIT,1000,10,10,executed,Buyer
2025-10-31T00:18:29.008021+05:30,submit,You,35,,Sell,LIMIT,1000,10,0,submitted,
2025-10-31T00:18:29.008247+05:30,result,You,35,,Sell,LIMIT,1000,10,10,filled,
2025-10-31T00:18:29.008319+05:30,trade,You,35,15,Sell,LIMIT,1000,10,10,executed,Buyer
2025-10-31T00:18:29.076758+05:30,submit,You,36,,Sell,LIMIT,1000,10,0,submitted,
2025-10-31T00:18:29.077282+05:30,result,You,36,,Sell,LIMIT,1000,10,10,filled,
2025-10-31T00:18:29.077686+05:30,trade,You,36,16,Sell,LIMIT,1000,10,10,executed,Buyer
2025-10-31T00:18:29.146867+05:30,submit,You,37,,Sell,LIMIT,1000,10,0,submitted,
2025-10-31T00:18:29.147985+05:30,result,You,37,,Sell,LIMIT,1000,10,10,filled,
2025-10-31T00:18:29.148271+05:30,trade,You,37,17,Sell,LIMIT,1000,10,10,executed,Buyer
2025-10-31T00:18:29.214976+05:30,submit,You,38,,Sell,LIMIT,1000,10,0,submitted,
2025-10-31T00:18:29.216105+05:30,result,You,38,,Sell,LIMIT,1000,10,10,filled,
2025-10-31T00:18:29.216424+05:30,trade,You,38,18,Sell,LIMIT,1000,10,10,executed,Buyer
2025-10-31T00:18:29.282244+05:30,submit,You,39,,Sell,LIMIT,1000,10,0,submitted,
2025-10-31T00:18:29.283049+05:30,result,You,39,,Sell,LIMIT,1000,10,0,open,
2025-10-31T00:18:29.348596+05:30,submit,You,40,,Sell,LIMIT,1000,10,0,submitted,
2025-10-31T00:18:29.348976+05:30,result,You,40,,Sell,LIMIT,1000,10,0,open,
2025-10-31T00:18:29.522451+05:30,submit,You,41,,Sell,LIMIT,1000,10,0,submitted,
2025-10-31T00:18:29.523358+05:30,result,You,41,,Sell,LIMIT,1000,10,0,open,
2025-10-31T00:18:29.589181+05:30,submit,You,42,,Sell,LIMIT,1000,10,0,submitted,
2025-10-31T00:18:29.589919+05:30,result,You,42,,Sell,LIMIT,1000,10,0,open,
2025-10-31T00:18:29.689266+05:30,submit,You,43,,Sell,LIMIT,1000,10,0,submitted,
2025-10-31T00:18:29.689733+05:30,result,You,43,,Sell,LIMIT,1000,10,0,open,
2025-10-31T00:18:29.755625+05:30,submit,You,44,,Sell,LIMIT,1000,10,0,submitted,
2025-10-31T00:18:29.755896+05:30,result,You,44,,Sell,LIMIT,1000,10,0,open,
2025-10-31T00:18:29.790309+05:30,submit,You,45,,Sell,LIMIT,1000,10,0,submitted,
2025-10-31T00:18:29.790469+05:30,result,You,45,,Sell,LIMIT,1000,10,0,open,
2025-10-31T00:18:29.859475+05:30,submit,You,46,,Sell,LIMIT,1000,10,0,submitted,
2025-10-31T00:18:29.859800+05:30,result,You,46,,Sell,LIMIT,1000,10,0,open,
2025-10-31T00:18:29.929036+05:30,submit,You,47,,Sell,LIMIT,1000,10,0,submitted,
2025-10-31T00:18:29.929684+05:30,result,You,47,,Sell,LIMIT,1000,10,0,open,
2025-10-31T00:18:29.996515+05:30,submit,You,48,,Sell,LIMIT,1000,10,0,submitted,
2025-10-31T00:18:29.997199+05:30,result,You,48,,Sell,LIMIT,1000,10,0,open,
2025-10-31T00:18:30.066601+05:30,submit,You,49,,Sell,LIMIT,1000,10,0,submitted,
2025-10-31T00:18:30.067362+05:30,result,You,49,,Sell,LIMIT,1000,10,0,open,
2025-10-31T00:18:30.133003+05:30,submit,You,50,,Sell,LIMIT,1000,10,0,submitted,
2025-10-31T00:18:30.133361+05:30,result,You,50,,Sell,LIMIT,1000,10,0,open,
2025-10-31T00:18:30.201904+05:30,submit,You,51,,Sell,LIMIT,1000,10,0,submitted,
2025-10-31T00:18:30.202710+05:30,result,You,51,,Sell,LIMIT,1000,10,0,open,
2025-10-31T00:18:30.270178+05:30,submit,You,52,,Sell,LIMIT,1000,10,0,submitted,
2025-10-31T00:18:30.271068+05:30,result,You,52,,Sell,LIMIT,1000,10,0,open,
2025-10-31T00:18:30.406054+05:30,submit,You,53,,Sell,LIMIT,1000,10,0,submitted,
2025-10-31T00:18:30.406693+05:30,result,You,53,,Sell,LIMIT,1000,10,0,open,
2025-10-31T00:18:30.541856+05:30,submit,You,54,,Sell,LIMIT,1000,10,0,submitted,
2025-10-31T00:18:30.542611+05:30,result,You,54,,Sell,LIMIT,1000,10,0,open,
2025-10-31T00:18:30.574255+05:30,submit,You,55,,Sell,LIMIT,1000,10,0,submitted,
2025-10-31T00:18:30.574725+05:30,result,You,55,,Sell,LIMIT,1000,10,0,open,
2025-10-31T00:18:30.644275+05:30,submit,You,56,,Sell,LIMIT,1000,10,0,submitted,
2025-10-31T00:18:30.644993+05:30,result,You,56,,Sell,LIMIT,1000,10,0,open,
2025-10-31T00:18:30.814365+05:30,submit,You,57,,Sell,LIMIT,1000,10,0,submitted,
2025-10-31T00:18:30.815236+05:30,result,You,57,,Sell,LIMIT,1000,10,0,open,
2025-10-31T00:18:30.915152+05:30,submit,You,58,,Sell,LIMIT,1000,10,0,submitted,
2025-10-31T00:18:30.916069+05:30,result,You,58,,Sell,LIMIT,1000,10,0,open,
2025-10-31T00:18:30.948376+05:30,submit,You,59,,Sell,LIMIT,1000,10,0,submitted,
2025-10-31T00:18:30.949114+05:30,result,You,59,,Sell,LIMIT,1000,10,0,open,
2025-10-31T00:18:31.050240+05:30,submit,You,60,,Sell,LIMIT,1000,10,0,submitted,
2025-10-31T00:18:31.050931+05:30,result,You,60,,Sell,LIMIT,1000,10,0,open,
2025-10-31T00:18:31.085238+05:30,submit,You,61,,Sell,LIMIT,1000,10,0,submitted,
2025-10-31T00:18:31.085941+05:30,result,You,61,,Sell,LIMIT,1000,10,0,open,
2025-10-31T00:18:31.187779+05:30,submit,You,62,,Sell,LIMIT,1000,10,0,submitted,
2025-10-31T00:18:31.188570+05:30,result,You,62,,Sell,LIMIT,1000,10,0,open,
2025-10-31T00:18:31.253772+05:30,submit,You,63,,Sell,LIMIT,1000,10,0,submitted,
2025-10-31T00:18:31.254256+05:30,result,You,63,,Sell,LIMIT,1000,10,0,open,
2025-10-31T00:18:31.324320+05:30,submit,You,64,,Sell,LIMIT,1000,10,0,submitted,
2025-10-31T00:18:31.325055+05:30,result,You,64,,Sell,LIMIT,1000,10,0,open,
2025-10-31T00:18:31.426261+05:30,submit,You,65,,Sell,LIMIT,1000,10,0,submitted,
2025-10-31T00:18:31.426900+05:30,result,You,65,,Sell,LIMIT,1000,10,0,open,
2025-10-31T00:18:31.765879+05:30,submit,You,66,,Sell,LIMIT,1000,10,0,submitted,
2025-10-31T00:18:31.766564+05:30,result,You,66,,Sell,LIMIT,1000,10,0,open,
2025-10-31T00:18:31.933740+05:30,submit,You,67,,Sell,LIMIT,1000,10,0,submitted,
2025-10-31T00:18:31.934192+05:30,result,You,67,,Sell,LIMIT,1000,10,0,open,
2025-10-31T00:18:32.650756+05:30,submit,You,68,,Sell,LIMIT,1000,10,0,submitted,
2025-10-31T00:18:32.651595+05:30,result,You,68,,Sell,LIMIT,1000,10,0,open,
2025-10-31T00:18:32.783487+05:30,submit,You,69,,Sell,LIMIT,1000,10,0,submitted,
2025-10-31T00:18:32.783968+05:30,result,You,69,,Sell,LIMIT,1000,10,0,open,
2025-10-31T00:18:32.818487+05:30,submit,You,70,,Sell,LIMIT,1000,10,0,submitted,
2025-10-31T00:18:32.818750+05:30,result,You,70,,Sell,LIMIT,1000,10,0,open,
2025-10-31T00:21:42.920669+05:30,submit,You,1,,Buy,LIMIT,1000,10,0,submitted,
2025-10-31T00:21:42.921018+05:30,result,You,1,,Buy,LIMIT,1000,10,0,open,
2025-10-31T00:21:43.056895+05:30,submit,You,2,,Buy,LIMIT,1000,10,0,submitted,
2025-10-31T00:21:43.057131+05:30,result,You,2,,Buy,LIMIT,1000,10,0,open,
2025-10-31T00:21:45.025622+05:30,submit,You,3,,Sell,MARKET,1000,10,0,submitted,
2025-10-31T00:21:45.026155+05:30,result,You,3,,Sell,MARKET,1000,10,10,filled,
2025-10-31T00:21:45.026442+05:30,trade,You,3,1,Sell,MARKET,1000,10,10,executed,Buyer
2025-10-31T00:21:45.432873+05:30,submit,You,4,,Sell,MARKET,1000,10,0,submitted,
2025-10-31T00:21:45.433224+05:30,result,You,4,,Sell,MARKET,1000,10,10,filled,
2025-10-31T00:21:45.433461+05:30,trade,You,4,2,Sell,MARKET,1000,10,10,executed,Buyer
2025-10-31T00:21:45.604399+05:30,submit,You,5,,Sell,MARKET,1000,10,0,submitted,
2025-10-31T00:21:45.604788+05:30,result,You,5,,Sell,MARKET,1000,10,0,open,
2025-10-31T00:21:46.044755+05:30,submit,You,6,,Sell,MARKET,1000,10,0,submitted,
2025-10-31T00:21:46.045273+05:30,result,You,6,,Sell,MARKET,1000,10,0,open,
2025-10-31T00:21:46.214139+05:30,submit,You,7,,Sell,MARKET,1000,10,0,submitted,
2025-10-31T00:21:46.214468+05:30,result,You,7,,Sell,MARKET,1000,10,0,open,
2025-10-31T00:21:46.384163+05:30,submit,You,8,,Sell,MARKET,1000,10,0,submitted,
2025-10-31T00:21:46.384480+05:30,result,You,8,,Sell,MARKET,1000,10,0,open,
2025-10-31T00:21:50.497303+05:30,submit,You,9,,Sell,MARKET,1000,10,0,submitted,
2025-10-31T00:21:50.497767+05:30,result,You,9,,Sell,MARKET,1000,10,0,open,
2025-10-31T00:21:50.838246+05:30,submit,You,10,,Sell,MARKET,1000,10,0,submitted,
2025-10-31T00:21:50.839208+05:30,result,You,10,,Sell,MARKET,1000,10,0,open,
2025-10-31T00:21:51.004770+05:30,submit,You,11,,Sell,MARKET,1000,10,0,submitted,
2025-10-31T00:21:51.005220+05:30,result,You,11,,Sell,MARKET,1000,10,0,open,
2025-10-31T00:21:51.243157+05:30,submit,You,12,,Sell,MARKET,1000,10,0,submitted,
2025-10-31T00:21:51.243404+05:30,result,You,12,,Sell,MARKET,1000,10,0,open,
2025-10-31T00:21:51.550143+05:30,submit,You,13,,Sell,MARKET,1000,10,0,submitted,
2025-10-31T00:21:51.550559+05:30,result,You,13,,Sell,MARKET,1000,10,0,open,
2025-10-31T00:21:51.720361+05:30,submit,You,14,,Sell,MARKET,1000,10,0,submitted,
2025-10-31T00:21:51.720807+05:30,result,You,14,,Sell,MARKET,1000,10,0,open,
2025-10-31T00:21:51.891116+05:30,submit,You,15,,Sell,MARKET,1000,10,0,submitted,
2025-10-31T00:21:51.891584+05:30,result,You,15,,Sell,MARKET,1000,10,0,open,
2025-10-31T00:21:52.267748+05:30,submit,You,16,,Sell,MARKET,1000,10,0,submitted,
2025-10-31T00:21:52.268673+05:30,result,You,16,,Sell,MARKET,1000,10,0,open,
2025-10-31T00:24:10.352654+05:30,submit,You,1,,Buy,LIMIT,1000,10,0,submitted,
2025-10-31T00:24:10.353607+05:30,result,You,1,,Buy,LIMIT,1000,10,0,open,
2025-10-31T00:24:10.858973+05:30,submit,You,2,,Buy,LIMIT,1000,10,0,submitted,
2025-10-31T00:24:10.859184+05:30,result,You,2,,Buy,LIMIT,1000,10,0,open,
2025-10-31T00:24:14.701824+05:30,submit,You,3,,Sell,LIMIT,1000,10,0,submitted,
2025-10-31T00:24:14.703291+05:30,result,You,3,,Sell,LIMIT,1000,10,10,filled,
2025-10-31T00:24:14.703752+05:30,trade,You,3,1,Sell,LIMIT,1000,10,10,executed,Buyer
2025-10-31T00:24:14.838180+05:30,submit,You,4,,Sell,LIMIT,1000,10,0,submitted,
2025-10-31T00:24:14.839426+05:30,result,You,4,,Sell,LIMIT,1000,10,10,filled,
2025-10-31T00:24:14.839735+05:30,trade,You,4,2,Sell,LIMIT,1000,10,10,executed,Buyer
2025-10-31T00:24:14.974269+05:30,submit,You,5,,Sell,LIMIT,1000,10,0,submitted,
2025-10-31T00:24:14.975146+05:30,result,You,5,,Sell,LIMIT,1000,10,0,open,
2025-10-31T00:24:15.245853+05:30,submit,You,6,,Sell,LIMIT,1000,10,0,submitted,
2025-10-31T00:24:15.246712+05:30,result,You,6,,Sell,LIMIT,1000,10,0,open,
2025-10-31T00:24:15.413446+05:30,submit,You,7,,Sell,LIMIT,1000,10,0,submitted,
2025-10-31T00:24:15.413908+05:30,result,You,7,,Sell,LIMIT,1000,10,0,open,
2025-10-31T00:24:15.582658+05:30,submit,You,8,,Sell,LIMIT,1000,10,0,submitted,
2025-10-31T00:24:15.583030+05:30,result,You,8,,Sell,LIMIT,1000,10,0,open,
2025-10-31T00:24:15.720314+05:30,submit,You,9,,Sell,LIMIT,1000,10,0,submitted,
2025-10-31T00:24:15.721075+05:30,result,You,9,,Sell,LIMIT,1000,10,0,open,
